chunk_id,doc,page,tags,char_count
axis_mortage_loan_p3_c0001,axis_mortage_loan,3,documents|legal,293
axis_mortage_loan_p3_c0002,axis_mortage_loan,3,general,675
axis_mortage_loan_p3_c0003,axis_mortage_loan,3,documents,502
axis_mortage_loan_p3_c0004,axis_mortage_loan,3,interest,412
axis_mortage_loan_p3_c0005,axis_mortage_loan,3,interest|documents,863
axis_mortage_loan_p3_c0006,axis_mortage_loan,3,penalty|interest|legal,530
axis_mortage_loan_p3_c0007,axis_mortage_loan,3,general,736
axis_mortage_loan_p3_c0008,axis_mortage_loan,3,interest,879
axis_mortage_loan_p3_c0009,axis_mortage_loan,3,general,602
axis_mortage_loan_p3_c0010,axis_mortage_loan,3,documents,915
axis_mortage_loan_p4_c0011,axis_mortage_loan,4,general,307
axis_mortage_loan_p4_c0012,axis_mortage_loan,4,interest|legal,608
axis_mortage_loan_p4_c0013,axis_mortage_loan,4,penalty|legal,391
axis_mortage_loan_p4_c0014,axis_mortage_loan,4,interest|documents,758
axis_mortage_loan_p4_c0015,axis_mortage_loan,4,legal,661
axis_mortage_loan_p4_c0016,axis_mortage_loan,4,interest|legal,396
axis_mortage_loan_p4_c0017,axis_mortage_loan,4,interest|legal,485
axis_mortage_loan_p4_c0018,axis_mortage_loan,4,penalty|interest,1004
axis_mortage_loan_p4_c0019,axis_mortage_loan,4,interest,1036
axis_mortage_loan_p4_c0020,axis_mortage_loan,4,penalty|documents,1421
axis_mortage_loan_p4_c0021,axis_mortage_loan,4,interest|documents,520
axis_mortage_loan_p5_c0022,axis_mortage_loan,5,penalty|documents,513
axis_mortage_loan_p5_c0023,axis_mortage_loan,5,penalty|interest,526
axis_mortage_loan_p5_c0024,axis_mortage_loan,5,penalty|interest|documents,866
axis_mortage_loan_p5_c0025,axis_mortage_loan,5,penalty|interest|documents,768
axis_mortage_loan_p5_c0026,axis_mortage_loan,5,penalty|interest|documents,615
axis_mortage_loan_p5_c0027,axis_mortage_loan,5,documents,1791
axis_mortage_loan_p5_c0028,axis_mortage_loan,5,legal,722
axis_mortage_loan_p5_c0029,axis_mortage_loan,5,interest|documents|legal,543
axis_mortage_loan_p5_c0030,axis_mortage_loan,5,penalty|interest,1060
axis_mortage_loan_p6_c0031,axis_mortage_loan,6,penalty|interest|documents,926
axis_mortage_loan_p6_c0032,axis_mortage_loan,6,general,440
axis_mortage_loan_p6_c0033,axis_mortage_loan,6,interest,856
axis_mortage_loan_p6_c0034,axis_mortage_loan,6,penalty|documents,1266
axis_mortage_loan_p6_c0035,axis_mortage_loan,6,documents|legal,2744
axis_mortage_loan_p6_c0036,axis_mortage_loan,6,penalty|legal,374
axis_mortage_loan_p6_c0037,axis_mortage_loan,6,general,299
axis_mortage_loan_p7_c0038,axis_mortage_loan,7,documents,816
axis_mortage_loan_p7_c0039,axis_mortage_loan,7,documents,677
axis_mortage_loan_p7_c0040,axis_mortage_loan,7,documents,789
axis_mortage_loan_p7_c0041,axis_mortage_loan,7,interest|documents,1126
axis_mortage_loan_p7_c0042,axis_mortage_loan,7,documents|legal,588
axis_mortage_loan_p7_c0043,axis_mortage_loan,7,documents|legal,1104
axis_mortage_loan_p7_c0044,axis_mortage_loan,7,general,547
axis_mortage_loan_p7_c0045,axis_mortage_loan,7,general,901
axis_mortage_loan_p7_c0046,axis_mortage_loan,7,interest|documents,417
axis_mortage_loan_p7_c0047,axis_mortage_loan,7,interest,725
axis_mortage_loan_p7_c0048,axis_mortage_loan,7,general,190
axis_mortage_loan_p8_c0049,axis_mortage_loan,8,documents,870
axis_mortage_loan_p8_c0050,axis_mortage_loan,8,penalty|interest,448
axis_mortage_loan_p8_c0051,axis_mortage_loan,8,penalty,288
axis_mortage_loan_p8_c0052,axis_mortage_loan,8,penalty|interest|documents,547
axis_mortage_loan_p8_c0053,axis_mortage_loan,8,penalty,316
axis_mortage_loan_p8_c0054,axis_mortage_loan,8,penalty,506
axis_mortage_loan_p8_c0055,axis_mortage_loan,8,documents,763
axis_mortage_loan_p8_c0056,axis_mortage_loan,8,documents,957
axis_mortage_loan_p9_c0057,axis_mortage_loan,9,interest,320
axis_mortage_loan_p9_c0058,axis_mortage_loan,9,interest,204
axis_mortage_loan_p9_c0059,axis_mortage_loan,9,documents,765
axis_mortage_loan_p9_c0060,axis_mortage_loan,9,general,270
axis_mortage_loan_p9_c0061,axis_mortage_loan,9,general,665
axis_mortage_loan_p9_c0062,axis_mortage_loan,9,general,269
axis_mortage_loan_p9_c0063,axis_mortage_loan,9,general,516
axis_mortage_loan_p9_c0064,axis_mortage_loan,9,documents|legal,666
axis_mortage_loan_p9_c0065,axis_mortage_loan,9,general,451
axis_mortage_loan_p9_c0066,axis_mortage_loan,9,documents,408
axis_mortage_loan_p9_c0067,axis_mortage_loan,9,documents,532
axis_mortage_loan_p9_c0068,axis_mortage_loan,9,interest,154
axis_mortage_loan_p10_c0069,axis_mortage_loan,10,penalty|interest,1126
axis_mortage_loan_p10_c0070,axis_mortage_loan,10,penalty|interest|documents,1549
axis_mortage_loan_p10_c0071,axis_mortage_loan,10,interest|documents,695
axis_mortage_loan_p10_c0072,axis_mortage_loan,10,interest|documents|legal,938
axis_mortage_loan_p10_c0073,axis_mortage_loan,10,penalty|interest,544
axis_mortage_loan_p10_c0074,axis_mortage_loan,10,interest,619
axis_mortage_loan_p10_c0075,axis_mortage_loan,10,penalty|interest|legal,597
axis_mortage_loan_p10_c0076,axis_mortage_loan,10,interest,917
axis_mortage_loan_p10_c0077,axis_mortage_loan,10,penalty|interest,572
axis_mortage_loan_p10_c0078,axis_mortage_loan,10,penalty|interest,659
axis_mortage_loan_p10_c0079,axis_mortage_loan,10,general,447
axis_mortage_loan_p10_c0080,axis_mortage_loan,10,general,142
axis_mortage_loan_p11_c0081,axis_mortage_loan,11,penalty|interest|documents,430
axis_mortage_loan_p11_c0082,axis_mortage_loan,11,penalty|interest,620
axis_mortage_loan_p11_c0083,axis_mortage_loan,11,penalty|interest,267
axis_mortage_loan_p11_c0084,axis_mortage_loan,11,penalty,277
axis_mortage_loan_p11_c0085,axis_mortage_loan,11,penalty|interest,1708
axis_mortage_loan_p11_c0086,axis_mortage_loan,11,interest|documents,770
axis_mortage_loan_p11_c0087,axis_mortage_loan,11,penalty,628
axis_mortage_loan_p11_c0088,axis_mortage_loan,11,interest,662
axis_mortage_loan_p11_c0089,axis_mortage_loan,11,interest,460
axis_mortage_loan_p11_c0090,axis_mortage_loan,11,interest,372
axis_mortage_loan_p12_c0091,axis_mortage_loan,12,penalty|interest,366
axis_mortage_loan_p12_c0092,axis_mortage_loan,12,penalty|interest|documents,518
axis_mortage_loan_p12_c0093,axis_mortage_loan,12,interest|documents,830
axis_mortage_loan_p12_c0094,axis_mortage_loan,12,penalty,1079
axis_mortage_loan_p12_c0095,axis_mortage_loan,12,general,1006
axis_mortage_loan_p12_c0096,axis_mortage_loan,12,penalty|interest|documents|legal,2227
axis_mortage_loan_p12_c0097,axis_mortage_loan,12,penalty|documents,462
axis_mortage_loan_p12_c0098,axis_mortage_loan,12,documents,184
axis_mortage_loan_p13_c0099,axis_mortage_loan,13,penalty,557
axis_mortage_loan_p13_c0100,axis_mortage_loan,13,penalty|legal,784
axis_mortage_loan_p13_c0101,axis_mortage_loan,13,general,778
axis_mortage_loan_p13_c0102,axis_mortage_loan,13,interest|documents,2022
axis_mortage_loan_p13_c0103,axis_mortage_loan,13,legal,949
axis_mortage_loan_p13_c0104,axis_mortage_loan,13,documents|legal,1553
axis_mortage_loan_p14_c0105,axis_mortage_loan,14,documents|legal,2353
axis_mortage_loan_p14_c0106,axis_mortage_loan,14,documents,517
axis_mortage_loan_p14_c0107,axis_mortage_loan,14,penalty|documents|legal,749
axis_mortage_loan_p14_c0108,axis_mortage_loan,14,penalty|interest,479
axis_mortage_loan_p14_c0109,axis_mortage_loan,14,interest|documents|legal,850
axis_mortage_loan_p14_c0110,axis_mortage_loan,14,general,164
axis_mortage_loan_p15_c0111,axis_mortage_loan,15,documents,822
axis_mortage_loan_p15_c0112,axis_mortage_loan,15,penalty|documents,944
axis_mortage_loan_p15_c0113,axis_mortage_loan,15,penalty|documents,1344
axis_mortage_loan_p15_c0114,axis_mortage_loan,15,penalty|documents,468
axis_mortage_loan_p15_c0115,axis_mortage_loan,15,documents,536
axis_mortage_loan_p15_c0116,axis_mortage_loan,15,penalty|documents,702
axis_mortage_loan_p15_c0117,axis_mortage_loan,15,penalty|interest|documents,649
axis_mortage_loan_p15_c0118,axis_mortage_loan,15,general,439
axis_mortage_loan_p15_c0119,axis_mortage_loan,15,general,550
axis_mortage_loan_p16_c0120,axis_mortage_loan,16,penalty|interest|documents,1418
axis_mortage_loan_p16_c0121,axis_mortage_loan,16,interest|documents,791
axis_mortage_loan_p16_c0122,axis_mortage_loan,16,penalty|interest,724
axis_mortage_loan_p16_c0123,axis_mortage_loan,16,interest|documents|legal,739
axis_mortage_loan_p16_c0124,axis_mortage_loan,16,penalty|interest,582
axis_mortage_loan_p16_c0125,axis_mortage_loan,16,interest,730
axis_mortage_loan_p16_c0126,axis_mortage_loan,16,interest,919
axis_mortage_loan_p16_c0127,axis_mortage_loan,16,penalty|interest|documents,2207
axis_mortage_loan_p16_c0128,axis_mortage_loan,16,penalty|documents,1349
axis_mortage_loan_p17_c0129,axis_mortage_loan,17,general,677
axis_mortage_loan_p17_c0130,axis_mortage_loan,17,penalty|interest,699
axis_mortage_loan_p17_c0131,axis_mortage_loan,17,documents,508
axis_mortage_loan_p17_c0132,axis_mortage_loan,17,documents|legal,848
axis_mortage_loan_p17_c0133,axis_mortage_loan,17,penalty|interest|legal,545
axis_mortage_loan_p17_c0134,axis_mortage_loan,17,legal,376
axis_mortage_loan_p17_c0135,axis_mortage_loan,17,interest|documents,671
axis_mortage_loan_p17_c0136,axis_mortage_loan,17,penalty|documents|legal,2164
axis_mortage_loan_p17_c0137,axis_mortage_loan,17,general,724
axis_mortage_loan_p18_c0138,axis_mortage_loan,18,documents,928
axis_mortage_loan_p18_c0139,axis_mortage_loan,18,documents|legal,977
axis_mortage_loan_p18_c0140,axis_mortage_loan,18,documents,842
axis_mortage_loan_p18_c0141,axis_mortage_loan,18,documents,229
axis_mortage_loan_p18_c0142,axis_mortage_loan,18,documents,1523
axis_mortage_loan_p18_c0143,axis_mortage_loan,18,documents,628
axis_mortage_loan_p18_c0144,axis_mortage_loan,18,documents,871
axis_mortage_loan_p19_c0145,axis_mortage_loan,19,interest|documents,797
axis_mortage_loan_p19_c0146,axis_mortage_loan,19,interest|documents,492
axis_mortage_loan_p19_c0147,axis_mortage_loan,19,penalty|interest|documents,1415
axis_mortage_loan_p19_c0148,axis_mortage_loan,19,documents,788
axis_mortage_loan_p19_c0149,axis_mortage_loan,19,documents,526
axis_mortage_loan_p19_c0150,axis_mortage_loan,19,penalty|interest|documents,636
axis_mortage_loan_p19_c0151,axis_mortage_loan,19,documents,925
axis_mortage_loan_p19_c0152,axis_mortage_loan,19,general,808
axis_mortage_loan_p19_c0153,axis_mortage_loan,19,general,314
axis_mortage_loan_p20_c0154,axis_mortage_loan,20,general,436
axis_mortage_loan_p20_c0155,axis_mortage_loan,20,documents,771
axis_mortage_loan_p20_c0156,axis_mortage_loan,20,documents,1088
axis_mortage_loan_p20_c0157,axis_mortage_loan,20,documents,370
axis_mortage_loan_p20_c0158,axis_mortage_loan,20,general,703
axis_mortage_loan_p20_c0159,axis_mortage_loan,20,documents|legal,626
axis_mortage_loan_p20_c0160,axis_mortage_loan,20,documents|legal,505
axis_mortage_loan_p20_c0161,axis_mortage_loan,20,documents,509
axis_mortage_loan_p20_c0162,axis_mortage_loan,20,interest|documents|legal,789
axis_mortage_loan_p20_c0163,axis_mortage_loan,20,documents,434
axis_mortage_loan_p21_c0164,axis_mortage_loan,21,penalty|documents,901
axis_mortage_loan_p21_c0165,axis_mortage_loan,21,penalty|documents|legal,2441
axis_mortage_loan_p21_c0166,axis_mortage_loan,21,general,298
axis_mortage_loan_p21_c0167,axis_mortage_loan,21,interest|documents,1066
axis_mortage_loan_p21_c0168,axis_mortage_loan,21,interest,820
axis_mortage_loan_p21_c0169,axis_mortage_loan,21,general,468
axis_mortage_loan_p22_c0170,axis_mortage_loan,22,documents,576
axis_mortage_loan_p22_c0171,axis_mortage_loan,22,general,560
axis_mortage_loan_p22_c0172,axis_mortage_loan,22,interest|documents|has_percentage,394
axis_mortage_loan_p22_c0173,axis_mortage_loan,22,general,333
axis_mortage_loan_p22_c0174,axis_mortage_loan,22,documents,591
axis_mortage_loan_p22_c0175,axis_mortage_loan,22,legal,244
axis_mortage_loan_p22_c0176,axis_mortage_loan,22,penalty,633
axis_mortage_loan_p22_c0177,axis_mortage_loan,22,documents|legal,569
axis_mortage_loan_p23_c0178,axis_mortage_loan,23,documents,591
axis_mortage_loan_p23_c0179,axis_mortage_loan,23,interest|documents,309
axis_mortage_loan_p23_c0180,axis_mortage_loan,23,interest|documents,795
axis_mortage_loan_p23_c0181,axis_mortage_loan,23,interest|documents,518
axis_mortage_loan_p23_c0182,axis_mortage_loan,23,interest|documents,478
axis_mortage_loan_p23_c0183,axis_mortage_loan,23,penalty|interest,592
axis_mortage_loan_p23_c0184,axis_mortage_loan,23,documents,875
axis_mortage_loan_p23_c0185,axis_mortage_loan,23,general,361
axis_mortage_loan_p23_c0186,axis_mortage_loan,23,documents,469
axis_mortage_loan_p23_c0187,axis_mortage_loan,23,general,522
axis_mortage_loan_p24_c0188,axis_mortage_loan,24,general,404
axis_mortage_loan_p24_c0189,axis_mortage_loan,24,documents,413
axis_mortage_loan_p24_c0190,axis_mortage_loan,24,documents,640
axis_mortage_loan_p24_c0191,axis_mortage_loan,24,interest,491
axis_mortage_loan_p24_c0192,axis_mortage_loan,24,interest,484
axis_mortage_loan_p24_c0193,axis_mortage_loan,24,documents,714
axis_mortage_loan_p24_c0194,axis_mortage_loan,24,documents,385
axis_mortage_loan_p24_c0195,axis_mortage_loan,24,general,688
axis_mortage_loan_p24_c0196,axis_mortage_loan,24,documents,819
axis_mortage_loan_p24_c0197,axis_mortage_loan,24,documents,779
axis_mortage_loan_p24_c0198,axis_mortage_loan,24,general,153
axis_mortage_loan_p25_c0199,axis_mortage_loan,25,penalty|interest|documents,1556
axis_mortage_loan_p25_c0200,axis_mortage_loan,25,interest|documents,5534
axis_mortage_loan_p25_c0201,axis_mortage_loan,25,general,781
axis_mortage_loan_p26_c0202,axis_mortage_loan,26,penalty|interest|documents|legal,1811
axis_mortage_loan_p26_c0203,axis_mortage_loan,26,general,578
axis_mortage_loan_p26_c0204,axis_mortage_loan,26,penalty|documents,464
axis_mortage_loan_p26_c0205,axis_mortage_loan,26,documents,353
axis_mortage_loan_p26_c0206,axis_mortage_loan,26,documents,555
axis_mortage_loan_p26_c0207,axis_mortage_loan,26,general,602
axis_mortage_loan_p26_c0208,axis_mortage_loan,26,documents,456
axis_mortage_loan_p27_c0209,axis_mortage_loan,27,documents,412
axis_mortage_loan_p27_c0210,axis_mortage_loan,27,interest,552
axis_mortage_loan_p27_c0211,axis_mortage_loan,27,documents,603
axis_mortage_loan_p27_c0212,axis_mortage_loan,27,documents,794
axis_mortage_loan_p27_c0213,axis_mortage_loan,27,penalty|documents,937
axis_mortage_loan_p27_c0214,axis_mortage_loan,27,general,999
axis_mortage_loan_p27_c0215,axis_mortage_loan,27,general,428
axis_mortage_loan_p27_c0216,axis_mortage_loan,27,penalty|interest|legal,542
axis_mortage_loan_p27_c0217,axis_mortage_loan,27,legal,321
axis_mortage_loan_p28_c0218,axis_mortage_loan,28,interest,908
axis_mortage_loan_p28_c0219,axis_mortage_loan,28,documents,493
axis_mortage_loan_p28_c0220,axis_mortage_loan,28,documents,409
axis_mortage_loan_p28_c0221,axis_mortage_loan,28,general,667
axis_mortage_loan_p28_c0222,axis_mortage_loan,28,penalty|interest,559
axis_mortage_loan_p28_c0223,axis_mortage_loan,28,interest|documents,550
axis_mortage_loan_p28_c0224,axis_mortage_loan,28,interest|documents,1171
axis_mortage_loan_p29_c0225,axis_mortage_loan,29,interest|documents,3252
axis_mortage_loan_p29_c0226,axis_mortage_loan,29,general,613
axis_mortage_loan_p30_c0227,axis_mortage_loan,30,general,315
axis_mortage_loan_p30_c0228,axis_mortage_loan,30,interest,1444
axis_mortage_loan_p30_c0229,axis_mortage_loan,30,penalty,1078
axis_mortage_loan_p30_c0230,axis_mortage_loan,30,general,292
axis_mortage_loan_p31_c0231,axis_mortage_loan,31,general,632
axis_mortage_loan_p31_c0232,axis_mortage_loan,31,general,434
axis_mortage_loan_p32_c0233,axis_mortage_loan,32,general,419
axis_mortage_loan_p32_c0234,axis_mortage_loan,32,general,165
axis_mortage_loan_p33_c0235,axis_mortage_loan,33,general,619
axis_mortage_loan_p34_c0236,axis_mortage_loan,34,penalty,359
axis_mortage_loan_p34_c0237,axis_mortage_loan,34,documents,926
axis_mortage_loan_p34_c0238,axis_mortage_loan,34,interest,312
axis_mortage_loan_p34_c0239,axis_mortage_loan,34,penalty|interest,707
axis_mortage_loan_p35_c0240,axis_mortage_loan,35,penalty|interest,558
axis_mortage_loan_p36_c0241,axis_mortage_loan,36,penalty|interest,912
axis_mortage_loan_p36_c0242,axis_mortage_loan,36,general,461
axis_mortage_loan_p37_c0243,axis_mortage_loan,37,penalty|interest,1269
axis_mortage_loan_p37_c0244,axis_mortage_loan,37,interest,398
axis_mortage_loan_p37_c0245,axis_mortage_loan,37,penalty|has_percentage,1580
axis_mortage_loan_p38_c0246,axis_mortage_loan,38,penalty|interest,504
axis_mortage_loan_p38_c0247,axis_mortage_loan,38,penalty|has_percentage,685
axis_mortage_loan_p38_c0248,axis_mortage_loan,38,penalty|interest,479
axis_mortage_loan_p38_c0249,axis_mortage_loan,38,general,158
axis_mortage_loan_p38_c0250,axis_mortage_loan,38,penalty|has_percentage,759
axis_mortage_loan_p38_c0251,axis_mortage_loan,38,penalty|interest,506
axis_mortage_loan_p38_c0252,axis_mortage_loan,38,penalty,364
axis_mortage_loan_p38_c0253,axis_mortage_loan,38,penalty|interest|documents|has_percentage,387
axis_mortage_loan_p38_c0254,axis_mortage_loan,38,penalty|has_percentage,324
axis_mortage_loan_p38_c0255,axis_mortage_loan,38,penalty|interest|documents|has_percentage,673
axis_mortage_loan_p39_c0256,axis_mortage_loan,39,penalty|interest|has_percentage,363
axis_mortage_loan_p39_c0257,axis_mortage_loan,39,penalty|interest|documents|has_percentage,1251
axis_mortage_loan_p39_c0258,axis_mortage_loan,39,general,321
axis_mortage_loan_p40_c0259,axis_mortage_loan,40,general,459
axis_mortage_loan_p40_c0260,axis_mortage_loan,40,general,430
axis_mortage_loan_p40_c0261,axis_mortage_loan,40,general,178
axis_mortage_loan_p41_c0262,axis_mortage_loan,41,general,975
axis_mortage_loan_p42_c0263,axis_mortage_loan,42,general,652
axis_mortage_loan_p43_c0264,axis_mortage_loan,43,documents,499
axis_mortage_loan_p43_c0265,axis_mortage_loan,43,interest,332
axis_mortage_loan_p43_c0266,axis_mortage_loan,43,general,574
axis_mortage_loan_p43_c0267,axis_mortage_loan,43,general,353
axis_mortage_loan_p44_c0268,axis_mortage_loan,44,general,672
axis_mortage_loan_p44_c0269,axis_mortage_loan,44,general,500
axis_mortage_loan_p44_c0270,axis_mortage_loan,44,documents,685
axis_mortage_loan_p44_c0271,axis_mortage_loan,44,general,223
axis_mortage_loan_p45_c0272,axis_mortage_loan,45,documents,468
axis_mortage_loan_p45_c0273,axis_mortage_loan,45,penalty|interest|has_percentage|legal,350
axis_mortage_loan_p45_c0274,axis_mortage_loan,45,penalty|interest,480
axis_mortage_loan_p46_c0275,axis_mortage_loan,46,penalty|interest,536
axis_mortage_loan_p46_c0276,axis_mortage_loan,46,penalty|interest|documents,1570
axis_mortage_loan_p47_c0277,axis_mortage_loan,47,penalty|interest|documents|has_percentage,536
axis_mortage_loan_p47_c0278,axis_mortage_loan,47,penalty|documents|has_percentage,810
axis_mortage_loan_p47_c0279,axis_mortage_loan,47,documents,412
axis_mortage_loan_p47_c0280,axis_mortage_loan,47,documents,715
axis_mortage_loan_p47_c0281,axis_mortage_loan,47,documents,587
axis_mortage_loan_p47_c0282,axis_mortage_loan,47,penalty,244
axis_mortage_loan_p48_c0283,axis_mortage_loan,48,penalty,362
axis_mortage_loan_p48_c0284,axis_mortage_loan,48,penalty|interest,489
axis_mortage_loan_p48_c0285,axis_mortage_loan,48,penalty|interest|has_percentage,904
axis_mortage_loan_p48_c0286,axis_mortage_loan,48,penalty,420
axis_mortage_loan_p48_c0287,axis_mortage_loan,48,penalty|has_percentage,1665
axis_mortage_loan_p49_c0288,axis_mortage_loan,49,penalty|interest,662
axis_mortage_loan_p49_c0289,axis_mortage_loan,49,penalty,361
axis_mortage_loan_p49_c0290,axis_mortage_loan,49,penalty|interest|has_percentage|legal,889
axis_mortage_loan_p49_c0291,axis_mortage_loan,49,interest,428
axis_mortage_loan_p49_c0292,axis_mortage_loan,49,legal,640
axis_mortage_loan_p49_c0293,axis_mortage_loan,49,general,404
axis_mortage_loan_p49_c0294,axis_mortage_loan,49,general,328
axis_mortage_loan_p50_c0295,axis_mortage_loan,50,penalty|interest,1554
axis_mortage_loan_p50_c0296,axis_mortage_loan,50,documents,664
axis_mortage_loan_p50_c0297,axis_mortage_loan,50,penalty|interest,944
axis_mortage_loan_p50_c0298,axis_mortage_loan,50,general,420
axis_mortage_loan_p50_c0299,axis_mortage_loan,50,penalty|interest,482
axis_mortage_loan_p50_c0300,axis_mortage_loan,50,penalty|interest,479
axis_mortage_loan_p51_c0301,axis_mortage_loan,51,interest,241
axis_mortage_loan_p52_c0302,axis_mortage_loan,52,interest,332
axis_mortage_loan_p52_c0303,axis_mortage_loan,52,general,347
axis_mortage_loan_p52_c0304,axis_mortage_loan,52,penalty|interest|documents,414
axis_mortage_loan_p52_c0305,axis_mortage_loan,52,penalty|interest,1389
axis_mortage_loan_p53_c0306,axis_mortage_loan,53,general,466
axis_mortage_loan_p53_c0307,axis_mortage_loan,53,penalty|documents,2347
axis_mortage_loan_p53_c0308,axis_mortage_loan,53,general,298
axis_mortage_loan_p54_c0309,axis_mortage_loan,54,penalty|interest|legal,1372
axis_mortage_loan_p54_c0310,axis_mortage_loan,54,interest,1074
axis_mortage_loan_p54_c0311,axis_mortage_loan,54,penalty|interest|documents,918
axis_mortage_loan_p54_c0312,axis_mortage_loan,54,penalty|interest|documents,1289
axis_mortage_loan_p54_c0313,axis_mortage_loan,54,penalty|interest|documents,1455
axis_mortage_loan_p55_c0314,axis_mortage_loan,55,penalty|interest,794
axis_mortage_loan_p55_c0315,axis_mortage_loan,55,interest,597
axis_mortage_loan_p55_c0316,axis_mortage_loan,55,penalty|interest|documents|legal,1753
axis_mortage_loan_p55_c0317,axis_mortage_loan,55,penalty|interest,578
axis_mortage_loan_p55_c0318,axis_mortage_loan,55,penalty|interest,436
axis_mortage_loan_p55_c0319,axis_mortage_loan,55,interest|documents,377
axis_mortage_loan_p55_c0320,axis_mortage_loan,55,penalty|interest|documents,888
axis_mortage_loan_p55_c0321,axis_mortage_loan,55,penalty,352
axis_mortage_loan_p56_c0322,axis_mortage_loan,56,documents,570
axis_mortage_loan_p56_c0323,axis_mortage_loan,56,penalty|documents,1091
axis_mortage_loan_p56_c0324,axis_mortage_loan,56,legal,900
axis_mortage_loan_p56_c0325,axis_mortage_loan,56,legal,575
axis_mortage_loan_p56_c0326,axis_mortage_loan,56,general,665
axis_mortage_loan_p57_c0327,axis_mortage_loan,57,general,272
bajaj_housing_mitc_p1_c0328,bajaj_housing_mitc,1,documents,650
bajaj_housing_mitc_p1_c0329,bajaj_housing_mitc,1,documents,455
bajaj_housing_mitc_p1_c0330,bajaj_housing_mitc,1,general,444
bajaj_housing_mitc_p1_c0331,bajaj_housing_mitc,1,interest,283
bajaj_housing_mitc_p1_c0332,bajaj_housing_mitc,1,interest,737
bajaj_housing_mitc_p2_c0333,bajaj_housing_mitc,2,interest,1602
bajaj_housing_mitc_p2_c0334,bajaj_housing_mitc,2,interest|documents,470
bajaj_housing_mitc_p2_c0335,bajaj_housing_mitc,2,penalty|interest,496
bajaj_housing_mitc_p3_c0336,bajaj_housing_mitc,3,penalty|interest|has_percentage|legal,603
bajaj_housing_mitc_p3_c0337,bajaj_housing_mitc,3,penalty|interest,504
bajaj_housing_mitc_p3_c0338,bajaj_housing_mitc,3,general,444
bajaj_housing_mitc_p3_c0339,bajaj_housing_mitc,3,general,538
bajaj_housing_mitc_p3_c0340,bajaj_housing_mitc,3,general,467
bajaj_housing_mitc_p3_c0341,bajaj_housing_mitc,3,legal,363
bajaj_housing_mitc_p3_c0342,bajaj_housing_mitc,3,general,494
bajaj_housing_mitc_p4_c0343,bajaj_housing_mitc,4,penalty|interest,314
bajaj_housing_mitc_p4_c0344,bajaj_housing_mitc,4,general,868
bajaj_housing_mitc_p4_c0345,bajaj_housing_mitc,4,general,262
bajaj_housing_mitc_p4_c0346,bajaj_housing_mitc,4,penalty|documents,562
bajaj_housing_mitc_p4_c0347,bajaj_housing_mitc,4,penalty|documents|legal,256
bajaj_housing_mitc_p5_c0348,bajaj_housing_mitc,5,documents,408
bajaj_housing_mitc_p5_c0349,bajaj_housing_mitc,5,general,433
bajaj_housing_mitc_p5_c0350,bajaj_housing_mitc,5,documents,531
bajaj_housing_mitc_p5_c0351,bajaj_housing_mitc,5,general,441
bajaj_housing_mitc_p5_c0352,bajaj_housing_mitc,5,documents,553
bajaj_housing_mitc_p5_c0353,bajaj_housing_mitc,5,documents,154
bajaj_housing_mitc_p5_c0354,bajaj_housing_mitc,5,documents,902
bajaj_housing_mitc_p6_c0355,bajaj_housing_mitc,6,general,452
bajaj_housing_mitc_p6_c0356,bajaj_housing_mitc,6,interest,503
bajaj_housing_mitc_p6_c0357,bajaj_housing_mitc,6,interest|documents,765
bajaj_housing_mitc_p6_c0358,bajaj_housing_mitc,6,penalty|interest,418
bajaj_housing_mitc_p6_c0359,bajaj_housing_mitc,6,general,891
bajaj_housing_mitc_p7_c0360,bajaj_housing_mitc,7,documents,493
bajaj_housing_mitc_p7_c0361,bajaj_housing_mitc,7,general,540
bajaj_housing_mitc_p7_c0362,bajaj_housing_mitc,7,penalty|documents|legal,1080
bajaj_housing_mitc_p7_c0363,bajaj_housing_mitc,7,general,130
bajaj_housing_mitc_p8_c0364,bajaj_housing_mitc,8,documents|legal,2063
bajaj_housing_mitc_p8_c0365,bajaj_housing_mitc,8,general,303
bajaj_housing_mitc_p9_c0366,bajaj_housing_mitc,9,penalty|documents,468
bajaj_housing_mitc_p9_c0367,bajaj_housing_mitc,9,penalty,463
bajaj_housing_mitc_p9_c0368,bajaj_housing_mitc,9,penalty|documents|has_percentage,408
bajaj_housing_mitc_p9_c0369,bajaj_housing_mitc,9,penalty|has_percentage,483
bajaj_housing_mitc_p9_c0370,bajaj_housing_mitc,9,interest|has_percentage,355
bajaj_housing_mitc_p10_c0371,bajaj_housing_mitc,10,penalty,503
bajaj_housing_mitc_p10_c0372,bajaj_housing_mitc,10,general,437
bajaj_housing_mitc_p10_c0373,bajaj_housing_mitc,10,penalty|interest|has_percentage,567
bajaj_housing_mitc_p10_c0374,bajaj_housing_mitc,10,penalty|interest|has_percentage,355
bajaj_housing_mitc_p11_c0375,bajaj_housing_mitc,11,penalty|interest|has_percentage,297
bajaj_housing_mitc_p11_c0376,bajaj_housing_mitc,11,penalty|interest|has_percentage,732
bajaj_housing_mitc_p11_c0377,bajaj_housing_mitc,11,penalty|documents,496
bajaj_housing_mitc_p11_c0378,bajaj_housing_mitc,11,penalty|documents,439
bajaj_housing_mitc_p12_c0379,bajaj_housing_mitc,12,penalty,389
bajaj_housing_mitc_p12_c0380,bajaj_housing_mitc,12,penalty,1242
bajaj_housing_mitc_p12_c0381,bajaj_housing_mitc,12,penalty,403
bajaj_housing_mitc_p12_c0382,bajaj_housing_mitc,12,penalty|documents,331
bajaj_housing_mitc_p13_c0383,bajaj_housing_mitc,13,penalty|documents,852
bajaj_housing_mitc_p13_c0384,bajaj_housing_mitc,13,penalty|documents,1069
bajaj_housing_mitc_p13_c0385,bajaj_housing_mitc,13,penalty,122
bajaj_housing_mitc_p14_c0386,bajaj_housing_mitc,14,penalty|interest,358
bajaj_housing_mitc_p14_c0387,bajaj_housing_mitc,14,penalty|interest|has_percentage,1029
bajaj_housing_mitc_p14_c0388,bajaj_housing_mitc,14,penalty|interest,394
bajaj_housing_mitc_p14_c0389,bajaj_housing_mitc,14,penalty|interest|has_percentage,430
bajaj_housing_mitc_p15_c0390,bajaj_housing_mitc,15,penalty,319
bajaj_housing_mitc_p15_c0391,bajaj_housing_mitc,15,penalty|interest|legal,561
bajaj_housing_mitc_p15_c0392,bajaj_housing_mitc,15,penalty,475
bajaj_housing_mitc_p15_c0393,bajaj_housing_mitc,15,documents,1474
bajaj_housing_mitc_p15_c0394,bajaj_housing_mitc,15,general,343
bandhan_home_loan_p2_c0395,bandhan_home_loan,2,penalty|interest,1684
bandhan_home_loan_p2_c0396,bandhan_home_loan,2,documents,477
bandhan_home_loan_p3_c0397,bandhan_home_loan,3,documents,1127
bandhan_home_loan_p3_c0398,bandhan_home_loan,3,general,473
bandhan_home_loan_p3_c0399,bandhan_home_loan,3,penalty|interest|documents,641
bandhan_home_loan_p3_c0400,bandhan_home_loan,3,interest,1304
bandhan_home_loan_p3_c0401,bandhan_home_loan,3,interest,519
bandhan_home_loan_p3_c0402,bandhan_home_loan,3,interest,570
bandhan_home_loan_p3_c0403,bandhan_home_loan,3,interest,312
bandhan_home_loan_p4_c0404,bandhan_home_loan,4,penalty|interest|documents|legal,3302
bandhan_home_loan_p4_c0405,bandhan_home_loan,4,documents|legal,1618
bandhan_home_loan_p5_c0406,bandhan_home_loan,5,interest|documents|legal,3337
bandhan_home_loan_p5_c0407,bandhan_home_loan,5,penalty|interest,493
bandhan_home_loan_p5_c0408,bandhan_home_loan,5,interest|documents,975
bandhan_home_loan_p6_c0409,bandhan_home_loan,6,interest|documents,702
bandhan_home_loan_p6_c0410,bandhan_home_loan,6,penalty|interest,432
bandhan_home_loan_p6_c0411,bandhan_home_loan,6,interest|documents,1042
bandhan_home_loan_p6_c0412,bandhan_home_loan,6,interest|documents,876
bandhan_home_loan_p6_c0413,bandhan_home_loan,6,interest,1197
bandhan_home_loan_p6_c0414,bandhan_home_loan,6,penalty|interest,723
bandhan_home_loan_p7_c0415,bandhan_home_loan,7,penalty|interest|documents,1013
bandhan_home_loan_p7_c0416,bandhan_home_loan,7,general,728
bandhan_home_loan_p7_c0417,bandhan_home_loan,7,penalty|interest,1102
bandhan_home_loan_p7_c0418,bandhan_home_loan,7,interest|documents,1220
bandhan_home_loan_p7_c0419,bandhan_home_loan,7,interest,740
bandhan_home_loan_p8_c0420,bandhan_home_loan,8,interest,783
bandhan_home_loan_p8_c0421,bandhan_home_loan,8,interest,560
bandhan_home_loan_p8_c0422,bandhan_home_loan,8,documents,621
bandhan_home_loan_p8_c0423,bandhan_home_loan,8,interest|documents,802
bandhan_home_loan_p8_c0424,bandhan_home_loan,8,documents,514
bandhan_home_loan_p8_c0425,bandhan_home_loan,8,penalty|interest,607
bandhan_home_loan_p8_c0426,bandhan_home_loan,8,penalty|documents,1160
bandhan_home_loan_p9_c0427,bandhan_home_loan,9,penalty|interest|documents,667
bandhan_home_loan_p9_c0428,bandhan_home_loan,9,interest,565
bandhan_home_loan_p9_c0429,bandhan_home_loan,9,interest|documents,1268
bandhan_home_loan_p9_c0430,bandhan_home_loan,9,interest|documents,1310
bandhan_home_loan_p9_c0431,bandhan_home_loan,9,penalty|interest,1119
bandhan_home_loan_p10_c0432,bandhan_home_loan,10,penalty|documents,1182
bandhan_home_loan_p10_c0433,bandhan_home_loan,10,documents,492
bandhan_home_loan_p10_c0434,bandhan_home_loan,10,penalty,1024
bandhan_home_loan_p10_c0435,bandhan_home_loan,10,general,508
bandhan_home_loan_p10_c0436,bandhan_home_loan,10,documents,1239
bandhan_home_loan_p11_c0437,bandhan_home_loan,11,general,526
bandhan_home_loan_p11_c0438,bandhan_home_loan,11,penalty,714
bandhan_home_loan_p11_c0439,bandhan_home_loan,11,documents,476
bandhan_home_loan_p11_c0440,bandhan_home_loan,11,documents,754
bandhan_home_loan_p11_c0441,bandhan_home_loan,11,penalty|documents,925
bandhan_home_loan_p11_c0442,bandhan_home_loan,11,penalty|documents,1052
bandhan_home_loan_p12_c0443,bandhan_home_loan,12,interest|documents,827
bandhan_home_loan_p12_c0444,bandhan_home_loan,12,penalty,460
bandhan_home_loan_p12_c0445,bandhan_home_loan,12,penalty,453
bandhan_home_loan_p12_c0446,bandhan_home_loan,12,documents,580
bandhan_home_loan_p12_c0447,bandhan_home_loan,12,documents,599
bandhan_home_loan_p12_c0448,bandhan_home_loan,12,documents,432
bandhan_home_loan_p12_c0449,bandhan_home_loan,12,general,448
bandhan_home_loan_p12_c0450,bandhan_home_loan,12,penalty,837
bandhan_home_loan_p13_c0451,bandhan_home_loan,13,general,283
bandhan_home_loan_p13_c0452,bandhan_home_loan,13,documents,580
bandhan_home_loan_p13_c0453,bandhan_home_loan,13,general,1352
bandhan_home_loan_p13_c0454,bandhan_home_loan,13,penalty|interest,655
bandhan_home_loan_p13_c0455,bandhan_home_loan,13,penalty|interest,898
bandhan_home_loan_p13_c0456,bandhan_home_loan,13,penalty|interest,434
bandhan_home_loan_p14_c0457,bandhan_home_loan,14,legal,1622
bandhan_home_loan_p14_c0458,bandhan_home_loan,14,penalty,526
bandhan_home_loan_p14_c0459,bandhan_home_loan,14,penalty|documents,811
bandhan_home_loan_p14_c0460,bandhan_home_loan,14,interest,1015
bandhan_home_loan_p14_c0461,bandhan_home_loan,14,general,722
bandhan_home_loan_p15_c0462,bandhan_home_loan,15,penalty|interest|documents,877
bandhan_home_loan_p15_c0463,bandhan_home_loan,15,documents,624
bandhan_home_loan_p15_c0464,bandhan_home_loan,15,penalty|documents,879
bandhan_home_loan_p15_c0465,bandhan_home_loan,15,penalty,438
bandhan_home_loan_p15_c0466,bandhan_home_loan,15,penalty|interest,1304
bandhan_home_loan_p15_c0467,bandhan_home_loan,15,penalty|interest|documents,1184
bandhan_home_loan_p16_c0468,bandhan_home_loan,16,penalty|interest|documents,2004
bandhan_home_loan_p16_c0469,bandhan_home_loan,16,documents,1096
bandhan_home_loan_p16_c0470,bandhan_home_loan,16,documents,693
bandhan_home_loan_p16_c0471,bandhan_home_loan,16,penalty|documents,985
bandhan_home_loan_p17_c0472,bandhan_home_loan,17,penalty,904
bandhan_home_loan_p17_c0473,bandhan_home_loan,17,penalty|interest,325
bandhan_home_loan_p17_c0474,bandhan_home_loan,17,general,1026
bandhan_home_loan_p17_c0475,bandhan_home_loan,17,interest|documents,1679
bandhan_home_loan_p18_c0476,bandhan_home_loan,18,interest,704
bandhan_home_loan_p18_c0477,bandhan_home_loan,18,interest,415
bandhan_home_loan_p18_c0478,bandhan_home_loan,18,general,434
bandhan_home_loan_p18_c0479,bandhan_home_loan,18,interest,777
bandhan_home_loan_p19_c0480,bandhan_home_loan,19,general,486
bandhan_home_loan_p19_c0481,bandhan_home_loan,19,general,469
bandhan_home_loan_p20_c0482,bandhan_home_loan,20,interest,725
bandhan_home_loan_p21_c0483,bandhan_home_loan,21,general,478
bandhan_home_loan_p21_c0484,bandhan_home_loan,21,interest|legal,914
hdfc_home_loan_agreement_p3_c0485,hdfc_home_loan_agreement,3,penalty,1238
hdfc_home_loan_agreement_p3_c0486,hdfc_home_loan_agreement,3,interest,1308
hdfc_home_loan_agreement_p3_c0487,hdfc_home_loan_agreement,3,general,683
hdfc_home_loan_agreement_p3_c0488,hdfc_home_loan_agreement,3,interest|legal,1918
hdfc_home_loan_agreement_p4_c0489,hdfc_home_loan_agreement,4,penalty|interest,701
hdfc_home_loan_agreement_p4_c0490,hdfc_home_loan_agreement,4,interest|documents,758
hdfc_home_loan_agreement_p4_c0491,hdfc_home_loan_agreement,4,general,532
hdfc_home_loan_agreement_p4_c0492,hdfc_home_loan_agreement,4,interest,398
hdfc_home_loan_agreement_p4_c0493,hdfc_home_loan_agreement,4,interest|documents,701
hdfc_home_loan_agreement_p4_c0494,hdfc_home_loan_agreement,4,interest|documents,1370
hdfc_home_loan_agreement_p4_c0495,hdfc_home_loan_agreement,4,penalty|interest,751
hdfc_home_loan_agreement_p5_c0496,hdfc_home_loan_agreement,5,interest,732
hdfc_home_loan_agreement_p5_c0497,hdfc_home_loan_agreement,5,documents,1513
hdfc_home_loan_agreement_p5_c0498,hdfc_home_loan_agreement,5,penalty|interest,1002
hdfc_home_loan_agreement_p5_c0499,hdfc_home_loan_agreement,5,interest|documents|legal,2884
hdfc_home_loan_agreement_p6_c0500,hdfc_home_loan_agreement,6,penalty|interest|legal,1085
hdfc_home_loan_agreement_p6_c0501,hdfc_home_loan_agreement,6,interest|documents,957
hdfc_home_loan_agreement_p6_c0502,hdfc_home_loan_agreement,6,legal,578
hdfc_home_loan_agreement_p6_c0503,hdfc_home_loan_agreement,6,general,535
hdfc_home_loan_agreement_p6_c0504,hdfc_home_loan_agreement,6,interest|documents,975
hdfc_home_loan_agreement_p6_c0505,hdfc_home_loan_agreement,6,interest|documents,676
hdfc_home_loan_agreement_p6_c0506,hdfc_home_loan_agreement,6,interest,383
hdfc_home_loan_agreement_p7_c0507,hdfc_home_loan_agreement,7,interest,728
hdfc_home_loan_agreement_p7_c0508,hdfc_home_loan_agreement,7,penalty|interest,523
hdfc_home_loan_agreement_p7_c0509,hdfc_home_loan_agreement,7,penalty|interest|documents,1027
hdfc_home_loan_agreement_p7_c0510,hdfc_home_loan_agreement,7,documents,811
hdfc_home_loan_agreement_p7_c0511,hdfc_home_loan_agreement,7,documents,505
hdfc_home_loan_agreement_p7_c0512,hdfc_home_loan_agreement,7,documents,773
hdfc_home_loan_agreement_p7_c0513,hdfc_home_loan_agreement,7,documents,952
hdfc_home_loan_agreement_p7_c0514,hdfc_home_loan_agreement,7,general,348
hdfc_home_loan_agreement_p8_c0515,hdfc_home_loan_agreement,8,documents,948
hdfc_home_loan_agreement_p8_c0516,hdfc_home_loan_agreement,8,interest|documents,571
hdfc_home_loan_agreement_p8_c0517,hdfc_home_loan_agreement,8,interest|documents,1183
hdfc_home_loan_agreement_p8_c0518,hdfc_home_loan_agreement,8,general,842
hdfc_home_loan_agreement_p8_c0519,hdfc_home_loan_agreement,8,penalty|interest,1059
hdfc_home_loan_agreement_p8_c0520,hdfc_home_loan_agreement,8,penalty|documents,837
hdfc_home_loan_agreement_p8_c0521,hdfc_home_loan_agreement,8,general,354
hdfc_home_loan_agreement_p9_c0522,hdfc_home_loan_agreement,9,penalty|interest,904
hdfc_home_loan_agreement_p9_c0523,hdfc_home_loan_agreement,9,general,558
hdfc_home_loan_agreement_p9_c0524,hdfc_home_loan_agreement,9,general,521
hdfc_home_loan_agreement_p9_c0525,hdfc_home_loan_agreement,9,penalty|documents,781
hdfc_home_loan_agreement_p9_c0526,hdfc_home_loan_agreement,9,interest|documents,713
hdfc_home_loan_agreement_p9_c0527,hdfc_home_loan_agreement,9,penalty,745
hdfc_home_loan_agreement_p9_c0528,hdfc_home_loan_agreement,9,penalty|interest,1152
hdfc_home_loan_agreement_p9_c0529,hdfc_home_loan_agreement,9,penalty|documents,629
hdfc_home_loan_agreement_p10_c0530,hdfc_home_loan_agreement,10,documents,487
hdfc_home_loan_agreement_p10_c0531,hdfc_home_loan_agreement,10,penalty|documents,804
hdfc_home_loan_agreement_p10_c0532,hdfc_home_loan_agreement,10,penalty|interest|documents,973
hdfc_home_loan_agreement_p10_c0533,hdfc_home_loan_agreement,10,general,544
hdfc_home_loan_agreement_p10_c0534,hdfc_home_loan_agreement,10,documents,1061
hdfc_home_loan_agreement_p10_c0535,hdfc_home_loan_agreement,10,documents,1013
hdfc_home_loan_agreement_p10_c0536,hdfc_home_loan_agreement,10,general,469
hdfc_home_loan_agreement_p11_c0537,hdfc_home_loan_agreement,11,documents|legal,606
hdfc_home_loan_agreement_p11_c0538,hdfc_home_loan_agreement,11,penalty|interest|documents,792
hdfc_home_loan_agreement_p11_c0539,hdfc_home_loan_agreement,11,penalty|documents,878
hdfc_home_loan_agreement_p11_c0540,hdfc_home_loan_agreement,11,documents,869
hdfc_home_loan_agreement_p11_c0541,hdfc_home_loan_agreement,11,penalty|interest,444
hdfc_home_loan_agreement_p11_c0542,hdfc_home_loan_agreement,11,documents,1496
hdfc_home_loan_agreement_p12_c0543,hdfc_home_loan_agreement,12,penalty|interest|documents,1364
hdfc_home_loan_agreement_p12_c0544,hdfc_home_loan_agreement,12,penalty|interest|documents,1396
hdfc_home_loan_agreement_p12_c0545,hdfc_home_loan_agreement,12,penalty|interest,924
hdfc_home_loan_agreement_p12_c0546,hdfc_home_loan_agreement,12,interest|documents,1206
hdfc_home_loan_agreement_p12_c0547,hdfc_home_loan_agreement,12,penalty|interest|documents,945
hdfc_home_loan_agreement_p12_c0548,hdfc_home_loan_agreement,12,interest,296
hdfc_home_loan_agreement_p13_c0549,hdfc_home_loan_agreement,13,penalty|interest|documents,628
hdfc_home_loan_agreement_p13_c0550,hdfc_home_loan_agreement,13,interest|documents,578
hdfc_home_loan_agreement_p13_c0551,hdfc_home_loan_agreement,13,interest|documents,1148
hdfc_home_loan_agreement_p13_c0552,hdfc_home_loan_agreement,13,interest|documents,1014
hdfc_home_loan_agreement_p13_c0553,hdfc_home_loan_agreement,13,penalty|interest,1014
hdfc_home_loan_agreement_p13_c0554,hdfc_home_loan_agreement,13,interest|documents,729
hdfc_home_loan_agreement_p13_c0555,hdfc_home_loan_agreement,13,documents,639
hdfc_home_loan_agreement_p13_c0556,hdfc_home_loan_agreement,13,general,133
hdfc_home_loan_agreement_p14_c0557,hdfc_home_loan_agreement,14,interest|documents,983
hdfc_home_loan_agreement_p14_c0558,hdfc_home_loan_agreement,14,penalty,1028
hdfc_home_loan_agreement_p14_c0559,hdfc_home_loan_agreement,14,documents,693
hdfc_home_loan_agreement_p14_c0560,hdfc_home_loan_agreement,14,documents,799
hdfc_home_loan_agreement_p14_c0561,hdfc_home_loan_agreement,14,general,1101
hdfc_home_loan_agreement_p14_c0562,hdfc_home_loan_agreement,14,interest,884
hdfc_home_loan_agreement_p14_c0563,hdfc_home_loan_agreement,14,documents,888
hdfc_home_loan_agreement_p14_c0564,hdfc_home_loan_agreement,14,general,269
hdfc_home_loan_agreement_p15_c0565,hdfc_home_loan_agreement,15,general,473
hdfc_home_loan_agreement_p15_c0566,hdfc_home_loan_agreement,15,documents,528
hdfc_home_loan_agreement_p15_c0567,hdfc_home_loan_agreement,15,interest|documents,1303
hdfc_home_loan_agreement_p15_c0568,hdfc_home_loan_agreement,15,penalty|interest|documents,1099
hdfc_home_loan_agreement_p15_c0569,hdfc_home_loan_agreement,15,interest|documents,939
hdfc_home_loan_agreement_p15_c0570,hdfc_home_loan_agreement,15,interest,761
hdfc_home_loan_agreement_p15_c0571,hdfc_home_loan_agreement,15,general,630
hdfc_home_loan_agreement_p15_c0572,hdfc_home_loan_agreement,15,general,238
hdfc_home_loan_agreement_p16_c0573,hdfc_home_loan_agreement,16,interest,741
hdfc_home_loan_agreement_p16_c0574,hdfc_home_loan_agreement,16,penalty|interest,683
hdfc_home_loan_agreement_p16_c0575,hdfc_home_loan_agreement,16,general,599
hdfc_home_loan_agreement_p16_c0576,hdfc_home_loan_agreement,16,interest|documents,1215
hdfc_home_loan_agreement_p16_c0577,hdfc_home_loan_agreement,16,documents,374
hdfc_home_loan_agreement_p16_c0578,hdfc_home_loan_agreement,16,penalty|interest|documents,1538
hdfc_home_loan_agreement_p16_c0579,hdfc_home_loan_agreement,16,penalty|documents,326
hdfc_home_loan_agreement_p17_c0580,hdfc_home_loan_agreement,17,general,705
hdfc_home_loan_agreement_p17_c0581,hdfc_home_loan_agreement,17,penalty|interest,1286
hdfc_home_loan_agreement_p17_c0582,hdfc_home_loan_agreement,17,interest,750
hdfc_home_loan_agreement_p17_c0583,hdfc_home_loan_agreement,17,interest|documents,728
hdfc_home_loan_agreement_p17_c0584,hdfc_home_loan_agreement,17,interest|documents|legal,1260
hdfc_home_loan_agreement_p17_c0585,hdfc_home_loan_agreement,17,general,491
hdfc_home_loan_agreement_p17_c0586,hdfc_home_loan_agreement,17,documents,395
hdfc_home_loan_agreement_p18_c0587,hdfc_home_loan_agreement,18,general,1192
hdfc_home_loan_agreement_p18_c0588,hdfc_home_loan_agreement,18,interest,683
hdfc_home_loan_agreement_p18_c0589,hdfc_home_loan_agreement,18,interest|documents,1558
hdfc_home_loan_agreement_p18_c0590,hdfc_home_loan_agreement,18,penalty,787
hdfc_home_loan_agreement_p18_c0591,hdfc_home_loan_agreement,18,documents,974
hdfc_home_loan_agreement_p18_c0592,hdfc_home_loan_agreement,18,documents,534
hdfc_home_loan_agreement_p19_c0593,hdfc_home_loan_agreement,19,penalty|interest|documents,1274
hdfc_home_loan_agreement_p19_c0594,hdfc_home_loan_agreement,19,interest|documents,669
hdfc_home_loan_agreement_p19_c0595,hdfc_home_loan_agreement,19,documents,748
hdfc_home_loan_agreement_p19_c0596,hdfc_home_loan_agreement,19,interest,300
hdfc_home_loan_agreement_p19_c0597,hdfc_home_loan_agreement,19,documents,1602
hdfc_home_loan_agreement_p19_c0598,hdfc_home_loan_agreement,19,documents,665
hdfc_home_loan_agreement_p20_c0599,hdfc_home_loan_agreement,20,penalty|interest|documents|legal,5228
hdfc_home_loan_agreement_p20_c0600,hdfc_home_loan_agreement,20,documents,132
hdfc_home_loan_agreement_p21_c0601,hdfc_home_loan_agreement,21,documents,1966
hdfc_home_loan_agreement_p21_c0602,hdfc_home_loan_agreement,21,documents,1128
hdfc_home_loan_agreement_p21_c0603,hdfc_home_loan_agreement,21,interest|documents,965
hdfc_home_loan_agreement_p21_c0604,hdfc_home_loan_agreement,21,documents,695
hdfc_home_loan_agreement_p21_c0605,hdfc_home_loan_agreement,21,general,708
hdfc_home_loan_agreement_p22_c0606,hdfc_home_loan_agreement,22,penalty|interest|documents,2099
hdfc_home_loan_agreement_p22_c0607,hdfc_home_loan_agreement,22,general,590
hdfc_home_loan_agreement_p22_c0608,hdfc_home_loan_agreement,22,interest|documents,535
hdfc_home_loan_agreement_p22_c0609,hdfc_home_loan_agreement,22,documents,1100
hdfc_home_loan_agreement_p22_c0610,hdfc_home_loan_agreement,22,general,1099
hdfc_home_loan_agreement_p23_c0611,hdfc_home_loan_agreement,23,penalty|interest|documents,1945
hdfc_home_loan_agreement_p23_c0612,hdfc_home_loan_agreement,23,documents,1067
hdfc_home_loan_agreement_p23_c0613,hdfc_home_loan_agreement,23,documents,700
hdfc_home_loan_agreement_p23_c0614,hdfc_home_loan_agreement,23,documents,1621
hdfc_home_loan_agreement_p23_c0615,hdfc_home_loan_agreement,23,general,296
hdfc_home_loan_agreement_p24_c0616,hdfc_home_loan_agreement,24,general,679
hdfc_home_loan_agreement_p24_c0617,hdfc_home_loan_agreement,24,penalty,831
hdfc_home_loan_agreement_p24_c0618,hdfc_home_loan_agreement,24,interest|documents,1953
hdfc_home_loan_agreement_p24_c0619,hdfc_home_loan_agreement,24,interest,509
hdfc_home_loan_agreement_p24_c0620,hdfc_home_loan_agreement,24,documents,2421
hdfc_home_loan_agreement_p25_c0621,hdfc_home_loan_agreement,25,interest|documents,1102
hdfc_home_loan_agreement_p25_c0622,hdfc_home_loan_agreement,25,penalty|interest|documents,2852
hdfc_home_loan_agreement_p25_c0623,hdfc_home_loan_agreement,25,interest|documents,1960
hdfc_home_loan_agreement_p26_c0624,hdfc_home_loan_agreement,26,interest|documents,2068
hdfc_home_loan_agreement_p26_c0625,hdfc_home_loan_agreement,26,penalty|interest|documents,1803
hdfc_home_loan_agreement_p26_c0626,hdfc_home_loan_agreement,26,penalty|interest,1801
hdfc_home_loan_agreement_p26_c0627,hdfc_home_loan_agreement,26,general,515
hdfc_home_loan_agreement_p26_c0628,hdfc_home_loan_agreement,26,interest,295
hdfc_home_loan_agreement_p27_c0629,hdfc_home_loan_agreement,27,documents|legal,2097
hdfc_home_loan_agreement_p27_c0630,hdfc_home_loan_agreement,27,documents,1530
hdfc_home_loan_agreement_p27_c0631,hdfc_home_loan_agreement,27,documents,734
hdfc_home_loan_agreement_p27_c0632,hdfc_home_loan_agreement,27,documents,497
hdfc_home_loan_agreement_p27_c0633,hdfc_home_loan_agreement,27,documents,571
hdfc_home_loan_agreement_p27_c0634,hdfc_home_loan_agreement,27,general,287
hdfc_home_loan_agreement_p28_c0635,hdfc_home_loan_agreement,28,documents,1078
hdfc_home_loan_agreement_p28_c0636,hdfc_home_loan_agreement,28,documents,439
hdfc_home_loan_agreement_p28_c0637,hdfc_home_loan_agreement,28,general,600
hdfc_home_loan_agreement_p28_c0638,hdfc_home_loan_agreement,28,documents,431
hdfc_home_loan_agreement_p28_c0639,hdfc_home_loan_agreement,28,interest,711
hdfc_home_loan_agreement_p29_c0640,hdfc_home_loan_agreement,29,legal,1001
hdfc_home_loan_agreement_p30_c0641,hdfc_home_loan_agreement,30,interest,177
hdfc_home_loan_agreement_p30_c0642,hdfc_home_loan_agreement,30,documents,1820
hdfc_home_loan_agreement_p31_c0643,hdfc_home_loan_agreement,31,general,445
hdfc_home_loan_agreement_p31_c0644,hdfc_home_loan_agreement,31,interest,468
hdfc_home_loan_agreement_p31_c0645,hdfc_home_loan_agreement,31,interest,285
hdfc_home_loan_agreement_p31_c0646,hdfc_home_loan_agreement,31,interest,722
hdfc_home_loan_agreement_p31_c0647,hdfc_home_loan_agreement,31,penalty|interest,495
hdfc_home_loan_agreement_p32_c0648,hdfc_home_loan_agreement,32,general,504
hdfc_home_loan_agreement_p35_c0649,hdfc_home_loan_agreement,35,documents,714
hdfc_home_loan_agreement_p35_c0650,hdfc_home_loan_agreement,35,documents,951
hdfc_home_loan_agreement_p35_c0651,hdfc_home_loan_agreement,35,interest|documents,987
hdfc_home_loan_agreement_p35_c0652,hdfc_home_loan_agreement,35,interest,1303
hdfc_home_loan_agreement_p35_c0653,hdfc_home_loan_agreement,35,interest,980
hdfc_home_loan_agreement_p35_c0654,hdfc_home_loan_agreement,35,documents,1147
hdfc_home_loan_agreement_p35_c0655,hdfc_home_loan_agreement,35,general,160
hdfc_home_loan_agreement_p36_c0656,hdfc_home_loan_agreement,36,general,492
hdfc_home_loan_agreement_p36_c0657,hdfc_home_loan_agreement,36,interest,461
hdfc_home_loan_agreement_p36_c0658,hdfc_home_loan_agreement,36,interest|documents,1215
hdfc_home_loan_agreement_p36_c0659,hdfc_home_loan_agreement,36,general,414
hdfc_home_loan_agreement_p36_c0660,hdfc_home_loan_agreement,36,general,1530
hdfc_home_loan_agreement_p36_c0661,hdfc_home_loan_agreement,36,documents,747
hdfc_home_loan_agreement_p36_c0662,hdfc_home_loan_agreement,36,documents,623
hdfc_home_loan_agreement_p36_c0663,hdfc_home_loan_agreement,36,general,1207
hdfc_home_loan_agreement_p37_c0664,hdfc_home_loan_agreement,37,documents,1681
hdfc_home_loan_agreement_p37_c0665,hdfc_home_loan_agreement,37,interest|documents,972
hdfc_home_loan_agreement_p37_c0666,hdfc_home_loan_agreement,37,interest|documents,1492
hdfc_home_loan_agreement_p37_c0667,hdfc_home_loan_agreement,37,documents,1581
hdfc_home_loan_agreement_p37_c0668,hdfc_home_loan_agreement,37,documents,750
hdfc_home_loan_agreement_p38_c0669,hdfc_home_loan_agreement,38,interest|documents,1029
hdfc_home_loan_agreement_p38_c0670,hdfc_home_loan_agreement,38,documents,1878
hdfc_home_loan_agreement_p38_c0671,hdfc_home_loan_agreement,38,general,448
hdfc_home_loan_agreement_p38_c0672,hdfc_home_loan_agreement,38,documents,1137
hdfc_home_loan_agreement_p38_c0673,hdfc_home_loan_agreement,38,documents|legal,1098
hdfc_home_loan_agreement_p38_c0674,hdfc_home_loan_agreement,38,penalty,425
hdfc_home_loan_agreement_p38_c0675,hdfc_home_loan_agreement,38,general,189
hdfc_home_loan_agreement_p39_c0676,hdfc_home_loan_agreement,39,general,568
hdfc_home_loan_agreement_p39_c0677,hdfc_home_loan_agreement,39,general,457
hdfc_home_loan_agreement_p39_c0678,hdfc_home_loan_agreement,39,interest,913
hdfc_home_loan_agreement_p39_c0679,hdfc_home_loan_agreement,39,penalty|interest|documents,1362
hdfc_home_loan_agreement_p39_c0680,hdfc_home_loan_agreement,39,general,684
hdfc_home_loan_agreement_p39_c0681,hdfc_home_loan_agreement,39,interest|documents,948
hdfc_home_loan_agreement_p39_c0682,hdfc_home_loan_agreement,39,general,323
hdfc_home_loan_agreement_p40_c0683,hdfc_home_loan_agreement,40,documents,521
hdfc_home_loan_agreement_p40_c0684,hdfc_home_loan_agreement,40,penalty|interest,1326
hdfc_home_loan_agreement_p40_c0685,hdfc_home_loan_agreement,40,penalty,528
hdfc_home_loan_agreement_p41_c0686,hdfc_home_loan_agreement,41,general,752
hdfc_home_loan_agreement_p41_c0687,hdfc_home_loan_agreement,41,documents,971
hdfc_home_loan_agreement_p41_c0688,hdfc_home_loan_agreement,41,interest|documents,629
hdfc_home_loan_agreement_p41_c0689,hdfc_home_loan_agreement,41,general,708
hdfc_home_loan_agreement_p41_c0690,hdfc_home_loan_agreement,41,penalty|interest,553
hdfc_home_loan_agreement_p41_c0691,hdfc_home_loan_agreement,41,general,422
hdfc_home_loan_agreement_p41_c0692,hdfc_home_loan_agreement,41,penalty,755
hdfc_home_loan_agreement_p41_c0693,hdfc_home_loan_agreement,41,general,189
hdfc_home_loan_agreement_p42_c0694,hdfc_home_loan_agreement,42,general,1363
hdfc_home_loan_agreement_p42_c0695,hdfc_home_loan_agreement,42,documents,536
hdfc_home_loan_agreement_p42_c0696,hdfc_home_loan_agreement,42,interest,495
hdfc_home_loan_agreement_p42_c0697,hdfc_home_loan_agreement,42,general,683
hdfc_home_loan_agreement_p42_c0698,hdfc_home_loan_agreement,42,interest|documents,1203
hdfc_home_loan_agreement_p42_c0699,hdfc_home_loan_agreement,42,interest,923
hdfc_home_loan_agreement_p43_c0700,hdfc_home_loan_agreement,43,penalty|documents,504
hdfc_home_loan_agreement_p43_c0701,hdfc_home_loan_agreement,43,general,237
hdfc_home_loan_agreement_p44_c0702,hdfc_home_loan_agreement,44,general,501
hdfc_home_loan_agreement_p44_c0703,hdfc_home_loan_agreement,44,interest,315
hdfc_home_loan_agreement_p44_c0704,hdfc_home_loan_agreement,44,interest,170
hdfc_home_loan_agreement_p44_c0705,hdfc_home_loan_agreement,44,interest,481
hdfc_home_loan_agreement_p44_c0706,hdfc_home_loan_agreement,44,penalty,292
hdfc_home_loan_agreement_p45_c0707,hdfc_home_loan_agreement,45,general,504
hdfc_home_loan_agreement_p48_c0708,hdfc_home_loan_agreement,48,general,1836
hdfc_home_loan_agreement_p48_c0709,hdfc_home_loan_agreement,48,general,437
hdfc_home_loan_agreement_p48_c0710,hdfc_home_loan_agreement,48,general,286
hdfc_home_loan_agreement_p49_c0711,hdfc_home_loan_agreement,49,interest|documents,870
hdfc_home_loan_agreement_p49_c0712,hdfc_home_loan_agreement,49,interest|documents,1450
hdfc_home_loan_agreement_p49_c0713,hdfc_home_loan_agreement,49,penalty|documents,1421
hdfc_home_loan_agreement_p49_c0714,hdfc_home_loan_agreement,49,general,189
hdfc_home_loan_agreement_p50_c0715,hdfc_home_loan_agreement,50,interest|documents,1083
hdfc_home_loan_agreement_p50_c0716,hdfc_home_loan_agreement,50,documents,612
hdfc_home_loan_agreement_p50_c0717,hdfc_home_loan_agreement,50,penalty|interest|documents,1906
hdfc_home_loan_agreement_p50_c0718,hdfc_home_loan_agreement,50,documents,365
hdfc_home_loan_agreement_p51_c0719,hdfc_home_loan_agreement,51,interest,994
hdfc_home_loan_agreement_p51_c0720,hdfc_home_loan_agreement,51,penalty|interest,439
hdfc_home_loan_agreement_p51_c0721,hdfc_home_loan_agreement,51,penalty|interest,557
hdfc_home_loan_agreement_p51_c0722,hdfc_home_loan_agreement,51,general,350
hdfc_home_loan_agreement_p51_c0723,hdfc_home_loan_agreement,51,penalty|interest,610
hdfc_home_loan_agreement_p51_c0724,hdfc_home_loan_agreement,51,general,433
hdfc_home_loan_agreement_p51_c0725,hdfc_home_loan_agreement,51,interest,1191
hdfc_home_loan_agreement_p51_c0726,hdfc_home_loan_agreement,51,general,217
hdfc_home_loan_agreement_p52_c0727,hdfc_home_loan_agreement,52,interest,436
hdfc_home_loan_agreement_p52_c0728,hdfc_home_loan_agreement,52,interest|documents,2772
hdfc_home_loan_agreement_p53_c0729,hdfc_home_loan_agreement,53,penalty|interest|has_percentage,714
hdfc_home_loan_agreement_p53_c0730,hdfc_home_loan_agreement,53,penalty|has_percentage,589
hdfc_home_loan_agreement_p53_c0731,hdfc_home_loan_agreement,53,penalty|has_percentage,314
hdfc_home_loan_agreement_p53_c0732,hdfc_home_loan_agreement,53,penalty|interest|has_percentage,493
hdfc_home_loan_agreement_p53_c0733,hdfc_home_loan_agreement,53,penalty|interest|has_percentage,983
hdfc_home_loan_agreement_p53_c0734,hdfc_home_loan_agreement,53,interest|has_percentage,705
hdfc_home_loan_agreement_p53_c0735,hdfc_home_loan_agreement,53,has_percentage,139
hdfc_home_loan_agreement_p54_c0736,hdfc_home_loan_agreement,54,penalty|documents,473
hdfc_home_loan_agreement_p54_c0737,hdfc_home_loan_agreement,54,penalty|interest,422
hdfc_home_loan_agreement_p54_c0738,hdfc_home_loan_agreement,54,penalty|interest|has_percentage,1783
hdfc_home_loan_agreement_p54_c0739,hdfc_home_loan_agreement,54,penalty|has_percentage,147
hdfc_home_loan_agreement_p54_c0740,hdfc_home_loan_agreement,54,penalty|interest|documents|has_percentage,784
hdfc_home_loan_agreement_p55_c0741,hdfc_home_loan_agreement,55,penalty|interest|documents|has_percentage,445
hdfc_home_loan_agreement_p55_c0742,hdfc_home_loan_agreement,55,documents,876
hero_housing_terms_p1_c0743,hero_housing_terms,1,general,825
hero_housing_terms_p1_c0744,hero_housing_terms,1,interest|documents|has_percentage,684
hero_housing_terms_p1_c0745,hero_housing_terms,1,penalty,431
hero_housing_terms_p1_c0746,hero_housing_terms,1,penalty|interest|documents|has_percentage,808
hero_housing_terms_p2_c0747,hero_housing_terms,2,penalty|interest|documents|has_percentage,2595
hero_housing_terms_p3_c0748,hero_housing_terms,3,penalty|interest|documents|has_percentage,1082
hero_housing_terms_p3_c0749,hero_housing_terms,3,general,537
hero_housing_terms_p3_c0750,hero_housing_terms,3,general,370
hero_housing_terms_p3_c0751,hero_housing_terms,3,penalty|interest|documents,1062
hero_housing_terms_p3_c0752,hero_housing_terms,3,penalty|has_percentage,255
hero_housing_terms_p3_c0753,hero_housing_terms,3,penalty|has_percentage,326
hero_housing_terms_p4_c0754,hero_housing_terms,4,documents,646
hero_housing_terms_p4_c0755,hero_housing_terms,4,general,438
hero_housing_terms_p4_c0756,hero_housing_terms,4,penalty|interest|documents,574
hero_housing_terms_p4_c0757,hero_housing_terms,4,interest|documents,311
hero_housing_terms_p4_c0758,hero_housing_terms,4,documents,1213
hero_housing_terms_p4_c0759,hero_housing_terms,4,penalty|interest|documents,689
hero_housing_terms_p4_c0760,hero_housing_terms,4,general,443
hero_housing_terms_p4_c0761,hero_housing_terms,4,interest|documents,558
hero_housing_terms_p4_c0762,hero_housing_terms,4,general,412
hero_housing_terms_p5_c0763,hero_housing_terms,5,general,384
hero_housing_terms_p5_c0764,hero_housing_terms,5,general,474
hero_housing_terms_p5_c0765,hero_housing_terms,5,interest,276
hero_housing_terms_p5_c0766,hero_housing_terms,5,general,579
hero_housing_terms_p5_c0767,hero_housing_terms,5,interest,853
hero_housing_terms_p5_c0768,hero_housing_terms,5,documents|legal,494
hero_housing_terms_p5_c0769,hero_housing_terms,5,general,416
hero_housing_terms_p6_c0770,hero_housing_terms,6,documents,740
hero_housing_terms_p6_c0771,hero_housing_terms,6,documents,303
hero_housing_terms_p6_c0772,hero_housing_terms,6,penalty|documents,644
hero_housing_terms_p6_c0773,hero_housing_terms,6,penalty|documents,778
hero_housing_terms_p6_c0774,hero_housing_terms,6,general,1036
hero_housing_terms_p7_c0775,hero_housing_terms,7,documents,519
hero_housing_terms_p7_c0776,hero_housing_terms,7,documents,472
rbi_interest_rates_advances_2003_p1_c0777,rbi_interest_rates_advances_2003,1,interest,729
rbi_interest_rates_advances_2003_p2_c0778,rbi_interest_rates_advances_2003,2,interest|legal,420
rbi_interest_rates_advances_2003_p2_c0779,rbi_interest_rates_advances_2003,2,interest,143
rbi_interest_rates_advances_2003_p3_c0780,rbi_interest_rates_advances_2003,3,penalty|interest|documents,839
rbi_interest_rates_advances_2003_p3_c0781,rbi_interest_rates_advances_2003,3,interest|documents,696
rbi_interest_rates_advances_2003_p3_c0782,rbi_interest_rates_advances_2003,3,interest,320
rbi_interest_rates_advances_2003_p4_c0783,rbi_interest_rates_advances_2003,4,penalty|interest,677
rbi_interest_rates_advances_2003_p4_c0784,rbi_interest_rates_advances_2003,4,interest,378
rbi_interest_rates_advances_2003_p4_c0785,rbi_interest_rates_advances_2003,4,penalty|interest|documents,795
rbi_interest_rates_advances_2003_p5_c0786,rbi_interest_rates_advances_2003,5,interest|documents,739
rbi_interest_rates_advances_2003_p5_c0787,rbi_interest_rates_advances_2003,5,interest,311
rbi_interest_rates_advances_2003_p5_c0788,rbi_interest_rates_advances_2003,5,penalty|interest,704
rbi_interest_rates_advances_2003_p5_c0789,rbi_interest_rates_advances_2003,5,interest,310
rbi_interest_rates_advances_2003_p6_c0790,rbi_interest_rates_advances_2003,6,penalty|interest|documents|legal,993
rbi_interest_rates_advances_2003_p6_c0791,rbi_interest_rates_advances_2003,6,penalty|interest,317
rbi_interest_rates_advances_2003_p6_c0792,rbi_interest_rates_advances_2003,6,general,190
rbi_interest_rates_advances_2003_p7_c0793,rbi_interest_rates_advances_2003,7,penalty|interest|documents,431
rbi_interest_rates_advances_2003_p7_c0794,rbi_interest_rates_advances_2003,7,interest|documents,747
rbi_interest_rates_advances_2003_p7_c0795,rbi_interest_rates_advances_2003,7,penalty|interest,419
rbi_interest_rates_advances_2003_p7_c0796,rbi_interest_rates_advances_2003,7,interest|documents,416
rbi_interest_rates_advances_2003_p8_c0797,rbi_interest_rates_advances_2003,8,penalty|interest,810
rbi_interest_rates_advances_2003_p8_c0798,rbi_interest_rates_advances_2003,8,interest,938
rbi_interest_rates_advances_2003_p8_c0799,rbi_interest_rates_advances_2003,8,interest,445
rbi_interest_rates_advances_2003_p9_c0800,rbi_interest_rates_advances_2003,9,interest,833
rbi_interest_rates_advances_2003_p9_c0801,rbi_interest_rates_advances_2003,9,general,283
rbi_interest_rates_advances_2003_p10_c0802,rbi_interest_rates_advances_2003,10,penalty|interest,914
rbi_interest_rates_advances_2003_p10_c0803,rbi_interest_rates_advances_2003,10,penalty|interest|has_percentage,313
rbi_interest_rates_advances_2003_p10_c0804,rbi_interest_rates_advances_2003,10,interest|has_percentage,358
rbi_interest_rates_advances_2003_p11_c0805,rbi_interest_rates_advances_2003,11,documents,651
rbi_interest_rates_advances_2003_p11_c0806,rbi_interest_rates_advances_2003,11,penalty|interest,250
rbi_interest_rates_advances_2003_p12_c0807,rbi_interest_rates_advances_2003,12,legal,396
rbi_interest_rates_advances_2003_p12_c0808,rbi_interest_rates_advances_2003,12,general,460
rbi_interest_rates_advances_2003_p12_c0809,rbi_interest_rates_advances_2003,12,general,435
rbi_interest_rates_advances_2003_p12_c0810,rbi_interest_rates_advances_2003,12,documents|legal,436
rbi_interest_rates_advances_2003_p12_c0811,rbi_interest_rates_advances_2003,12,general,330
rbi_interest_rates_advances_2003_p14_c0812,rbi_interest_rates_advances_2003,14,general,331
rbi_interest_rates_advances_2007_p1_c0813,rbi_interest_rates_advances_2007,1,interest,420
rbi_interest_rates_advances_2007_p1_c0814,rbi_interest_rates_advances_2007,1,general,235
rbi_interest_rates_advances_2007_p2_c0815,rbi_interest_rates_advances_2007,2,interest|legal,736
rbi_interest_rates_advances_2007_p2_c0816,rbi_interest_rates_advances_2007,2,interest,493
rbi_interest_rates_advances_2007_p2_c0817,rbi_interest_rates_advances_2007,2,penalty|interest|legal,316
rbi_interest_rates_advances_2007_p3_c0818,rbi_interest_rates_advances_2007,3,penalty|interest,434
rbi_interest_rates_advances_2007_p3_c0819,rbi_interest_rates_advances_2007,3,penalty|interest,361
rbi_interest_rates_advances_2007_p3_c0820,rbi_interest_rates_advances_2007,3,interest|documents,665
rbi_interest_rates_advances_2007_p3_c0821,rbi_interest_rates_advances_2007,3,interest,673
rbi_interest_rates_advances_2007_p3_c0822,rbi_interest_rates_advances_2007,3,interest|documents,314
rbi_interest_rates_advances_2007_p3_c0823,rbi_interest_rates_advances_2007,3,penalty|interest|documents,465
rbi_interest_rates_advances_2007_p4_c0824,rbi_interest_rates_advances_2007,4,interest,329
rbi_interest_rates_advances_2007_p4_c0825,rbi_interest_rates_advances_2007,4,penalty|interest|documents,653
rbi_interest_rates_advances_2007_p4_c0826,rbi_interest_rates_advances_2007,4,interest,292
rbi_interest_rates_advances_2007_p4_c0827,rbi_interest_rates_advances_2007,4,interest,445
rbi_interest_rates_advances_2007_p4_c0828,rbi_interest_rates_advances_2007,4,penalty|interest,635
rbi_interest_rates_advances_2007_p4_c0829,rbi_interest_rates_advances_2007,4,interest,268
rbi_interest_rates_advances_2007_p5_c0830,rbi_interest_rates_advances_2007,5,penalty|interest|documents,504
rbi_interest_rates_advances_2007_p5_c0831,rbi_interest_rates_advances_2007,5,documents,399
rbi_interest_rates_advances_2007_p5_c0832,rbi_interest_rates_advances_2007,5,general,491
rbi_interest_rates_advances_2007_p5_c0833,rbi_interest_rates_advances_2007,5,interest,492
rbi_interest_rates_advances_2007_p5_c0834,rbi_interest_rates_advances_2007,5,interest,424
rbi_interest_rates_advances_2007_p6_c0835,rbi_interest_rates_advances_2007,6,penalty|interest,451
rbi_interest_rates_advances_2007_p6_c0836,rbi_interest_rates_advances_2007,6,interest|legal,360
rbi_interest_rates_advances_2007_p6_c0837,rbi_interest_rates_advances_2007,6,penalty|interest|documents|legal,880
rbi_interest_rates_advances_2007_p6_c0838,rbi_interest_rates_advances_2007,6,penalty|interest,420
rbi_interest_rates_advances_2007_p6_c0839,rbi_interest_rates_advances_2007,6,general,175
rbi_interest_rates_advances_2007_p7_c0840,rbi_interest_rates_advances_2007,7,penalty|interest|documents,447
rbi_interest_rates_advances_2007_p7_c0841,rbi_interest_rates_advances_2007,7,penalty|interest|documents,541
rbi_interest_rates_advances_2007_p7_c0842,rbi_interest_rates_advances_2007,7,penalty|interest,490
rbi_interest_rates_advances_2007_p7_c0843,rbi_interest_rates_advances_2007,7,interest|documents,356
rbi_interest_rates_advances_2007_p7_c0844,rbi_interest_rates_advances_2007,7,interest,501
rbi_interest_rates_advances_2007_p7_c0845,rbi_interest_rates_advances_2007,7,penalty|interest,636
rbi_interest_rates_advances_2007_p8_c0846,rbi_interest_rates_advances_2007,8,interest,197
rbi_interest_rates_advances_2007_p8_c0847,rbi_interest_rates_advances_2007,8,interest,596
rbi_interest_rates_advances_2007_p8_c0848,rbi_interest_rates_advances_2007,8,penalty|interest,405
rbi_interest_rates_advances_2007_p8_c0849,rbi_interest_rates_advances_2007,8,penalty|interest,801
rbi_interest_rates_advances_2007_p8_c0850,rbi_interest_rates_advances_2007,8,penalty|interest,608
rbi_interest_rates_advances_2007_p9_c0851,rbi_interest_rates_advances_2007,9,interest,547
rbi_interest_rates_advances_2007_p9_c0852,rbi_interest_rates_advances_2007,9,general,1201
rbi_interest_rates_advances_2007_p10_c0853,rbi_interest_rates_advances_2007,10,penalty|interest,431
rbi_interest_rates_advances_2007_p10_c0854,rbi_interest_rates_advances_2007,10,interest|has_percentage,222
rbi_interest_rates_advances_2007_p10_c0855,rbi_interest_rates_advances_2007,10,penalty|interest|has_percentage,168
rbi_interest_rates_advances_2007_p10_c0856,rbi_interest_rates_advances_2007,10,interest|documents,1000
rbi_interest_rates_advances_2007_p10_c0857,rbi_interest_rates_advances_2007,10,penalty|interest,250
rbi_interest_rates_advances_2007_p11_c0858,rbi_interest_rates_advances_2007,11,interest|legal,1053
rbi_interest_rates_advances_2007_p11_c0859,rbi_interest_rates_advances_2007,11,documents|legal,499
rbi_interest_rates_advances_2007_p11_c0860,rbi_interest_rates_advances_2007,11,legal,488
rbi_interest_rates_advances_2007_p12_c0861,rbi_interest_rates_advances_2007,12,interest,473
rbi_interest_rate_2016_p1_c0862,rbi_interest_rate_2016,1,interest|legal,503
rbi_interest_rate_2016_p1_c0863,rbi_interest_rate_2016,1,general,476
rbi_interest_rate_2016_p1_c0864,rbi_interest_rate_2016,1,general,349
rbi_interest_rate_2016_p1_c0865,rbi_interest_rate_2016,1,interest,467
rbi_interest_rate_2016_p1_c0866,rbi_interest_rate_2016,1,interest,352
rbi_interest_rate_2016_p1_c0867,rbi_interest_rate_2016,1,penalty|interest,471
rbi_interest_rate_2016_p2_c0868,rbi_interest_rate_2016,2,interest|legal,438
rbi_interest_rate_2016_p2_c0869,rbi_interest_rate_2016,2,interest,428
rbi_interest_rate_2016_p2_c0870,rbi_interest_rate_2016,2,penalty|interest|documents|legal,414
rbi_interest_rate_2016_p2_c0871,rbi_interest_rate_2016,2,penalty|interest,659
rbi_interest_rate_2016_p2_c0872,rbi_interest_rate_2016,2,interest|documents|legal,496
rbi_interest_rate_2016_p2_c0873,rbi_interest_rate_2016,2,penalty|interest|documents,328
rbi_interest_rate_2016_p3_c0874,rbi_interest_rate_2016,3,interest,423
rbi_interest_rate_2016_p3_c0875,rbi_interest_rate_2016,3,interest|documents,673
rbi_interest_rate_2016_p3_c0876,rbi_interest_rate_2016,3,interest|documents,404
rbi_interest_rate_2016_p3_c0877,rbi_interest_rate_2016,3,interest,417
rbi_interest_rate_2016_p3_c0878,rbi_interest_rate_2016,3,documents,511
rbi_interest_rate_2016_p4_c0879,rbi_interest_rate_2016,4,penalty|interest,475
rbi_interest_rate_2016_p4_c0880,rbi_interest_rate_2016,4,documents,383
rbi_interest_rate_2016_p4_c0881,rbi_interest_rate_2016,4,general,586
rbi_interest_rate_2016_p4_c0882,rbi_interest_rate_2016,4,general,290
rbi_interest_rate_2016_p4_c0883,rbi_interest_rate_2016,4,interest,476
rbi_interest_rate_2016_p4_c0884,rbi_interest_rate_2016,4,interest|documents|legal,258
rbi_interest_rate_2016_p5_c0885,rbi_interest_rate_2016,5,penalty|interest,393
rbi_interest_rate_2016_p5_c0886,rbi_interest_rate_2016,5,penalty|interest|documents|legal,637
rbi_interest_rate_2016_p5_c0887,rbi_interest_rate_2016,5,documents,312
rbi_interest_rate_2016_p5_c0888,rbi_interest_rate_2016,5,penalty|interest|legal,825
rbi_interest_rate_2016_p5_c0889,rbi_interest_rate_2016,5,interest|documents|legal,453
rbi_interest_rate_2016_p5_c0890,rbi_interest_rate_2016,5,interest,463
rbi_interest_rate_2016_p5_c0891,rbi_interest_rate_2016,5,general,140
rbi_interest_rate_2016_p6_c0892,rbi_interest_rate_2016,6,penalty|interest|documents,463
rbi_interest_rate_2016_p6_c0893,rbi_interest_rate_2016,6,interest|documents,426
rbi_interest_rate_2016_p6_c0894,rbi_interest_rate_2016,6,interest,530
rbi_interest_rate_2016_p6_c0895,rbi_interest_rate_2016,6,penalty|interest,480
rbi_interest_rate_2016_p6_c0896,rbi_interest_rate_2016,6,penalty|interest,601
rbi_interest_rate_2016_p6_c0897,rbi_interest_rate_2016,6,interest,409
rbi_interest_rate_2016_p7_c0898,rbi_interest_rate_2016,7,interest|documents,401
rbi_interest_rate_2016_p7_c0899,rbi_interest_rate_2016,7,interest|documents|has_percentage,767
rbi_interest_rate_2016_p7_c0900,rbi_interest_rate_2016,7,general,390
rbi_interest_rate_2016_p7_c0901,rbi_interest_rate_2016,7,general,328
rbi_interest_rate_2016_p8_c0902,rbi_interest_rate_2016,8,interest|legal,1016
rbi_interest_rate_2016_p8_c0903,rbi_interest_rate_2016,8,interest,413
rbi_interest_rate_2016_p8_c0904,rbi_interest_rate_2016,8,interest,451
rbi_interest_rate_2016_p9_c0905,rbi_interest_rate_2016,9,interest,585
rbi_interest_rate_2016_p9_c0906,rbi_interest_rate_2016,9,documents|has_percentage,553
rbi_interest_rate_2016_p9_c0907,rbi_interest_rate_2016,9,has_percentage,532
rbi_interest_rate_2016_p9_c0908,rbi_interest_rate_2016,9,interest,314
rbi_interest_rate_2016_p10_c0909,rbi_interest_rate_2016,10,interest,1114
rbi_interest_rate_2016_p10_c0910,rbi_interest_rate_2016,10,interest,1109
rbi_interest_rate_2016_p11_c0911,rbi_interest_rate_2016,11,penalty|interest,2044
rbi_interest_rate_2016_p12_c0912,rbi_interest_rate_2016,12,interest,1408
rbi_kfs_for_loans_p1_c0913,rbi_kfs_for_loans,1,interest,1016
rbi_kfs_for_loans_p1_c0914,rbi_kfs_for_loans,1,general,373
rbi_kfs_for_loans_p1_c0915,rbi_kfs_for_loans,1,penalty|documents,479
rbi_kfs_for_loans_p2_c0916,rbi_kfs_for_loans,2,penalty|interest,522
rbi_kfs_for_loans_p2_c0917,rbi_kfs_for_loans,2,penalty|interest|documents,459
rbi_kfs_for_loans_p2_c0918,rbi_kfs_for_loans,2,general,201
rbi_kfs_for_loans_p2_c0919,rbi_kfs_for_loans,2,penalty|interest|documents,976
rbi_kfs_for_loans_p2_c0920,rbi_kfs_for_loans,2,general,271
rbi_kfs_for_loans_p3_c0921,rbi_kfs_for_loans,3,penalty|interest,355
rbi_kfs_for_loans_p3_c0922,rbi_kfs_for_loans,3,penalty|interest|documents,434
rbi_kfs_for_loans_p3_c0923,rbi_kfs_for_loans,3,penalty,406
rbi_kfs_for_loans_p3_c0924,rbi_kfs_for_loans,3,general,637
rbi_kfs_for_loans_p4_c0925,rbi_kfs_for_loans,4,legal,449
rbi_kfs_for_loans_p4_c0926,rbi_kfs_for_loans,4,general,570
rbi_kfs_for_loans_p5_c0927,rbi_kfs_for_loans,5,penalty|interest|has_percentage|legal,839
rbi_kfs_for_loans_p5_c0928,rbi_kfs_for_loans,5,penalty|interest,1218
rbi_kfs_for_loans_p6_c0929,rbi_kfs_for_loans,6,penalty|interest|documents|legal,1118
rbi_kfs_for_loans_p7_c0930,rbi_kfs_for_loans,7,interest,441
rbi_kfs_for_loans_p7_c0931,rbi_kfs_for_loans,7,penalty|interest|documents|has_percentage,1801
rbi_kfs_for_loans_p8_c0932,rbi_kfs_for_loans,8,interest,858
sbi_home_loan_terms_p1_c0933,sbi_home_loan_terms,1,has_percentage,1316
sbi_home_loan_terms_p2_c0934,sbi_home_loan_terms,2,penalty|interest,475
sbi_home_loan_terms_p2_c0935,sbi_home_loan_terms,2,penalty|interest|has_percentage,615
sbi_home_loan_terms_p2_c0936,sbi_home_loan_terms,2,penalty|interest|has_percentage,748
sbi_home_loan_terms_p2_c0937,sbi_home_loan_terms,2,penalty|has_percentage,288
sbi_home_loan_terms_p3_c0938,sbi_home_loan_terms,3,has_percentage,467
sbi_home_loan_terms_p3_c0939,sbi_home_loan_terms,3,interest|has_percentage,404
sbi_home_loan_terms_p3_c0940,sbi_home_loan_terms,3,penalty|interest,417
sbi_home_loan_terms_p3_c0941,sbi_home_loan_terms,3,general,726
sbi_home_loan_terms_p4_c0942,sbi_home_loan_terms,4,general,577
sbi_home_loan_terms_p4_c0943,sbi_home_loan_terms,4,penalty,416
sbi_home_loan_terms_p4_c0944,sbi_home_loan_terms,4,penalty|has_percentage,1074
sbi_home_loan_terms_p5_c0945,sbi_home_loan_terms,5,penalty|interest,860
sbi_home_loan_terms_p5_c0946,sbi_home_loan_terms,5,penalty|interest,464
sbi_home_loan_terms_p6_c0947,sbi_home_loan_terms,6,penalty|documents,469
sbi_home_loan_terms_p6_c0948,sbi_home_loan_terms,6,general,360
sbi_home_loan_terms_p6_c0949,sbi_home_loan_terms,6,penalty,658
sbi_home_loan_terms_p6_c0950,sbi_home_loan_terms,6,general,485
sbi_home_loan_terms_p6_c0951,sbi_home_loan_terms,6,general,120
sbi_home_loan_terms_p7_c0952,sbi_home_loan_terms,7,penalty|documents|has_percentage,831
sbi_home_loan_terms_p7_c0953,sbi_home_loan_terms,7,penalty|has_percentage,996
sbi_home_loan_terms_p8_c0954,sbi_home_loan_terms,8,general,430
